{
    "accuracy": 0.9984848484848485,
    "precision": 0.9953917050691244
}
